Weight,SSIM Values,,REF,UNIQUE,Dif,Dif%
Provided,LIVE,Jp2k,0.9802,0.97917,-0.00103,-0.11%
,,Jpeg,0.96197,0.95677,-0.0052,-0.54%
,,Blur-Jpeg,0.84877,0.86401,0.01524,1.80%
,,Wn,0.982,0.99162,0.00962,0.98%
,,Blur-Noise,0.876,0.87589,-0.00011,-0.01%
,,FF,0.97403,0.94035,-0.03368,-3.46%
,,Gblur,0.97173,0.97257,0.00084,0.09%
,,ALL,0.94965,0.95123,0.00158,0.17%
,MULTI-LIVE,Blur-Jpeg,0.84877,0.86401,0.01524,1.80%
,,Blur-Noise,0.876,0.87589,-0.00011,-0.01%
,,ALL,0.86037,0.86922,0.00885,1.03%
